NAME,NAMELSAD,state_abbr,city_id,city_state_name,population,house_units,miles_driven_pC,agg_vehi_consum_pC,gasoline_consume_pC,diesel_consume_pC,agg_vehi_emitGHG_pC,agg_nonvehi_emitGHG_pC,agg_combined_emitGHG_pC,driveGasoline_emitGHG_pC,driveDiesel_emitGHG_pC,wlk_NatWalkInd_avg,wlk_PeopleCounted,wlk_Workers,wlk_CountHU,wlk_HH,wlk_D2A_EPHHM_avg,wlk_D2B_E8MIXA_avg,wlk_D3B_avg,wlk_D4A_avg,wlk_D2A_Ranked_avg,wlk_D2B_Ranked_avg,wlk_D3B_Ranked_avg,wlk_D4A_Ranked_avg
Anaconda-Deer Lodge County,Anaconda-Deer Lodge County,MT,3001675,"Anaconda-Deer Lodge County, MT",9099.99999670968,3889.0,19583.12837837838,1066.10047951177,871.125,194.97547951176983,11.871677841705406,7.088921061277912,18.96059890298332,9.4042208778,2.467456963905405,6.843003664549461,9099.99999670968,4015.999999307908,5191.99999887383,3854.999999428568,0.5252825236276397,0.4784520252405801,119.85577544744058,,11.16527472619346,8.681098903653904,9.6058241787247,1.0
Jordan,Jordan town,MT,3039925,"Jordan town, MT",0.0821134479346107,109.101895563,2759.6151315789475,146.5,123.625,22.875,1.6240804861,3.068156131938448,4.692236618038447,1.3345924018000002,0.2894880842999999,6.666666666666665,0.0821134479346107,0.0272751943621538,0.059444091142847,0.0321688967806932,0.6982784338867767,0.9226193521089724,0.1667948420398684,,16.0,20.0,1.0,1.0
Ismay,Ismay town,MT,3038950,"Ismay town, MT",0.296490064053259,11.19871096,31100.90909090909,1604.5454545454545,1314.7272727272727,289.8181818181818,17.860836523054548,9.380637946730255,27.2414744697848,14.19312459956364,3.667711923490909,5.833333333333332,0.296490064053259,0.1379241753665477,0.146681265866011,0.1229120202246105,0.7076137473384462,0.6886712507095903,0.1214469576304591,,16.0,15.0,1.0,1.0
Miles City,Miles City city,MT,3049525,"Miles City city, MT",6178.988293794979,3515.419483523,2692.641513787931,143.92927195107882,122.7767393561786,21.1525325949002,1.5931248986990654,5.085315444663566,6.67844034336263,1.3254350128415369,0.2676898858575285,10.269250528550534,6178.988293794979,3391.274030593662,3036.3381811603854,2660.815580817473,0.5886613001866562,0.5987527449543738,178.27806632810487,,13.11907333440754,12.32406265973661,17.086183588579523,1.0
Bearcreek,Bearcreek town,MT,3004300,"Bearcreek town, MT",0.1911792058797085,40.3270673939999,3739.5466666666666,189.8933333333333,172.80666666666667,17.086666666666666,2.0817680438666666,2.485243865089883,4.567011908956549,1.8655325728106664,0.2162354710559999,4.333333333333333,0.1911792058797085,0.0570097374859799,0.0998899064140122,0.0810914369412645,0.3958157847449169,0.7006503495124149,0.3223011234376401,,7.0,15.000000000000002,1.0,1.0
Butte-Silver Bow (balance),Butte-Silver Bow (balance),MT,3011397,"Butte-Silver Bow (balance), MT",34749.381260389564,14881.0,13168.830485344726,718.0790020173253,554.4156283374866,163.66337367983863,8.056383625932574,9.316177363096951,17.372560989029527,5.985188149794803,2.071195476137771,13.344091549723151,34749.381260389564,16654.69873394103,17116.43024115697,15131.710547818831,0.5498337965654411,0.5865031036338746,121.7361537024651,-15466.820965047576,11.978767578873844,12.08242132017099,13.70632581500275,14.295354384644291
Dillon,Dillon city,MT,3020800,"Dillon city, MT",1525.541276140407,1825.067961392,2415.452301850973,129.30303749406738,106.48599905078312,22.81703844328429,1.438323063532036,6.2541389096478905,7.692461973179927,1.149568495298339,0.2887545682336972,9.49656641434394,1525.541276140407,478.47271887887007,677.1250913225595,599.5550957860536,0.5935194177806713,0.6012173274299685,137.81803434365952,,12.30322058776938,11.3635852585932,15.656296319850531,1.0
Eureka,Eureka town,MT,3024850,"Eureka town, MT",1169.7414416347094,344.439139584,2727.99765625,144.759375,126.31953125,18.43984375,1.597041406300625,17.300187411783757,18.89722881808438,1.36368118588625,0.2333602204143749,10.493183520135162,1169.7414416347094,205.22966429281465,519.5191697381827,452.54213077531233,0.7310546445276392,0.9251946760353718,74.4832460618511,,16.98980007938052,19.99508722611716,11.987106907656653,1.0
Colstrip,Colstrip city,MT,3016525,"Colstrip city, MT",1374.8123648648389,791.591506602,1815.684003496504,94.17395104895104,82.5520104895105,11.62194055944056,1.038267548115035,2.8485941453184465,3.8868616934334814,0.8911893706986015,0.1470781774164335,10.249253472076765,1374.8123648648389,492.856900350117,580.576465083418,477.4188179240678,0.711710388381129,0.7537983717429332,91.601671122105,,16.499896282914584,16.9996374920356,12.997993528755202,1.0
Twin Bridges,Twin Bridges town,MT,3075475,"Twin Bridges town, MT",7.235996198435663,126.797393684999,5730.175675675676,302.1621621621622,256.4054054054054,45.75675675675676,3.34708356425946,3.7111823342849375,7.058265898544398,2.7680218874378384,0.5790616768216216,6.666666666666666,7.235996198435663,2.2599820059539955,4.033510485962736,3.1518134701869625,0.7687317629525786,0.7708078826999877,0.8470624360148022,,18.0,18.0,1.0,1.0
Judith Gap,Judith Gap city,MT,3040000,"Judith Gap city, MT",0.4838457201419426,60.256474773,13318.926470588236,709.5735294117646,601.2794117647059,108.29411764705884,7.861591173388236,7.789715976619872,15.651307150008108,6.4911056364,1.3704855369882352,6.473055124040641,0.4838457201419426,0.1362583694226047,0.2653315420830002,0.1831314426993215,0.7255389833460693,0.7777952209362814,0.2917477877902852,,16.838330744243855,17.999999999999996,1.0,1.0
Libby,Libby city,MT,3043450,"Libby city, MT",2304.81465699872,1174.817613978,3023.9263275991025,160.50411368735976,141.16828721017202,19.335826477187734,1.7686798525032164,8.511658467508962,10.280338320012175,1.5239807764272253,0.2446990760759909,12.679302906287049,2304.81465699872,853.9227632942807,1156.496099138656,939.8203781183864,0.7809479356153064,0.7718427054171705,228.50488774601817,,18.2741711782151,17.657927845606842,19.07185920695017,1.0
Troy,Troy city,MT,3075025,"Troy city, MT",99.6457630782498,351.412016858999,4802.476394849786,256.0815450643777,224.17596566523605,31.90557939914163,2.823861330334764,10.512835726327854,13.33669705666262,2.420089305909013,0.403772024425751,7.665071298352096,99.6457630782498,24.79104729750142,62.94166326421391,51.211185188863375,0.6503244369857726,0.8107053108742941,10.825215177975547,,14.99658135361164,18.996581353611635,4.998632541444654,1.0
East Helena,East Helena city,MT,3023125,"East Helena city, MT",1884.1483582374408,858.314442575,7753.336395450568,400.0188101487314,353.3998250218723,46.61898512685914,4.405097499441821,2.843285719763274,7.248383219205094,3.8151241356654415,0.5899733637763779,8.731273587138062,1884.1483582374408,812.8870456617403,856.3811719039952,806.504480696862,0.5499124485319276,0.5975237585186425,114.5638386859341,,11.4821967688272,13.202350691617532,12.85154703119182,1.0
Scobey,Scobey city,MT,3066925,"Scobey city, MT",13.407005482797237,482.80828047,1696.256170212766,88.94893617021278,76.76510638297873,12.183829787234044,0.9829059150120852,4.846837125297647,5.829743040309732,0.8287169076003406,0.1541890074117446,7.166666666666667,13.407005482797237,3.568163663925564,8.434801087208655,6.925193383240147,0.7488549748897682,0.911428906151645,1.976596359909867,,17.0,20.0,2.0,1.0
Columbus,Columbus town,MT,3016825,"Columbus town, MT",975.8283664366448,738.477088374999,2210.3201992753625,114.59827898550724,98.86322463768116,15.735054347826088,1.266407437530073,14.298168188406684,15.56457562593676,1.067276913398551,0.1991305241315217,9.78609061076602,975.8283664366448,326.1068187864518,412.9017861190084,362.62921616471215,0.7066072984032966,0.7574436949002369,73.78347629941108,,16.01025369720406,17.23200789103452,11.737141038178766,1.0
Circle,Circle town,MT,3014950,"Circle town, MT",43.83753678323366,247.381944605999,4303.020072992701,228.4324817518248,196.83941605839416,31.593065693430656,2.5247949646554746,5.277145840244942,7.801940804900417,2.124977868928468,0.3998170957270072,8.333039853030302,43.83753678323366,18.082665793682683,29.51184624083304,21.99659316119313,0.829321347329604,0.7910846936293593,10.19870015597898,,18.99941303939394,18.99960869292929,4.999608692929291,1.0
Townsend,Townsend city,MT,3074575,"Townsend city, MT",467.3706513597662,749.135802539999,2310.90932509016,120.6764554353426,104.17310664605871,16.503348789283873,1.333453146251623,8.006772081841568,9.34022522809319,1.124599689397218,0.2088534568544049,7.948428854207458,467.3706513597662,192.40440673368465,207.17108199523292,191.15313801903127,0.659085637386538,0.8139074530096437,17.823472238945214,,14.575477604992942,19.115095520770403,5.9999999997407,1.0
Nashua,Nashua town,MT,3052900,"Nashua town, MT",14.31663205245189,105.15089502,4288.727828746178,228.2262996941896,195.0091743119266,33.217125382263,2.5255894363743123,3.3293493368973768,5.854938773271688,2.105219513188992,0.420369923185321,6.833333333028633,14.31663205245189,6.143933078676958,7.227478500392474,6.305312184230355,0.6721311236643047,0.7704715094380554,2.52392091083894,,14.999999998941568,17.999999999615113,2.999999999807557,1.0
Boulder,Boulder city,MT,3008575,"Boulder city, MT",368.6568471771417,460.937161031999,2716.7998251748254,143.11013986013987,122.02097902097904,21.08916083916084,1.5841641125524475,3.562599916780139,5.146764029332586,1.3172762100027977,0.2668879025496503,11.04675363759516,368.6568471771417,137.97240414977873,168.95626417182572,146.85001803251976,0.7905666702120651,0.8121286907880536,88.42098389254345,,18.77364992858513,18.50260587231264,13.502133012336598,1.0
Plentywood,Plentywood city,MT,3058375,"Plentywood city, MT",44.026295526267326,782.156249896999,2192.5172780435937,116.7692716640085,103.38277511961722,13.386496544391282,1.285476689584689,6.517112580554673,7.802589270139362,1.1160676736229669,0.1694090159617224,8.206477625253347,44.026295526267326,19.01798533141848,21.15039708905307,18.91109940160312,0.861035299300831,0.854870059467367,5.820178604626869,,19.852497799136007,19.909539614143995,3.738414169120042,1.0
Fort Peck,Fort Peck town,MT,3028450,"Fort Peck town, MT",0.3643502677295021,72.1550092759999,8079.260204081633,425.2857142857143,367.7142857142857,57.57142857142857,4.698234657257142,2.0506940110746825,6.748928668331825,3.9696557472,0.7285789100571427,3.6666666666666665,0.3643502677295021,0.1052346822324992,0.3117329266132524,0.1866426439595269,0.2733513157035315,0.6740507008458272,0.5144375978871899,,4.0,14.0,1.0,1.0
Glasgow,Glasgow city,MT,3031075,"Glasgow city, MT",1130.089358958315,1374.376690312,2544.928040440084,136.2102289622361,119.10645257210824,17.103776390127862,1.5022644683508772,7.225500628273976,8.727765096624854,1.285812470035088,0.2164519983157894,12.230436605147958,1130.089358958315,525.7150294461385,541.2484926480101,505.557206711222,0.7997035985511124,0.8422764301355486,175.82708474643212,,18.26016054826867,19.739789433318016,16.69133482465052,1.0
Lavina,Lavina town,MT,3042850,"Lavina town, MT",0.622841430787068,63.08823543,4555.925925925926,233.13425925925927,192.88425925925927,40.25,2.591652491037037,1.7499631978473285,4.3416156888843656,2.0822800148370373,0.5093724761999999,5.833333333333332,0.622841430787068,0.2795904212787252,0.4051910412993218,0.2899137599105551,0.6509995221532351,0.719081419407869,0.2098344890901811,,15.0,16.0,1.0,1.0
Philipsburg,Philipsburg town,MT,3057175,"Philipsburg town, MT",92.0567847633753,252.905740099999,3475.208598726115,181.0031847133758,160.63853503184714,20.36464968152866,1.9918906910713376,24.00336264683289,25.99525333790423,1.7341716342955416,0.2577190567757961,9.33216435056672,92.0567847633753,33.819620111011865,54.69911837491839,36.68623799843881,0.8523146376204068,0.9641446864132172,29.27626976036725,,19.99766203446677,19.99766203446677,6.998831017233389,1.0
Cascade,Cascade town,MT,3012775,"Cascade town, MT",31.06553657853279,195.558359724,3472.587323943662,199.6845070422536,144.90281690140844,54.78169014084507,2.2575710182726763,3.10992751972172,5.367498537994396,1.564296852869859,0.6932741654028168,7.475613885747441,31.06553657853279,10.973110030293656,16.21880854732088,13.58343094582514,0.7048162916078178,0.7981732493889218,4.365772402052056,,15.946350548644372,18.93659610294335,3.985368331448465,1.0
Hamilton,Hamilton city,MT,3033775,"Hamilton city, MT",2802.345483702874,2271.330511785,3677.487992949989,192.93941396783435,170.01564221194096,22.92377175589337,2.125507398780877,12.02275789518351,14.148265293964387,1.8354020973363296,0.2901053014445472,10.558957910850111,2802.345483702874,1039.910798443052,1522.9838789114767,1407.9111665724645,0.7485614518238289,0.7723012381096925,106.32861329187064,,17.27025204671984,17.011605904247695,13.535944757066565,1.0
Helena,Helena city,MT,3035600,"Helena city, MT",27218.75441740985,13090.1555035289,6825.45727858614,360.8286492591855,305.6300245830842,55.19862467610125,3.9979763141723215,6.373843536785915,10.371819850958234,3.29942575183443,0.698550562337891,9.984160611879243,27218.75441740985,13472.63429505247,12473.360242174049,11682.666143449766,0.6327067022544017,0.6835675332149854,124.29594586581976,,13.842491023818129,14.948102373376043,14.557185137040644,1.0
Geraldine,Geraldine town,MT,3030400,"Geraldine town, MT",0.471840523579186,112.845528444,3068.413127413128,162.56756756756758,139.02702702702703,23.54054054054054,1.798775468518919,5.014348365335921,6.813123833854839,1.5008648243891891,0.2979106441297297,4.999999999999999,0.471840523579186,0.1496740021517582,0.2722751873768417,0.1987918271472964,0.4451718773180231,0.755437321379473,0.2431260105142763,,8.0,17.999999999999996,1.0,1.0
Broadview,Broadview town,MT,3009775,"Broadview town, MT",0.8505965684974822,72.6784140779999,3860.698224852071,200.3313609467456,170.98224852071007,29.349112426035504,2.2172564663289944,3.6650293359345807,5.882285802263575,1.845837085689941,0.3714193806390532,4.666666666666666,0.8505965684974822,0.5380054430320825,0.3842006462393459,0.3449710826849232,0.3911065619314056,0.750426981567884,0.2828640005368923,,7.0,17.0,1.0,1.0
Billings,Billings city,MT,3006550,"Billings city, MT",95445.47046635531,44410.4815893619,5719.095582506027,301.8134917361054,254.7300002750048,47.08349146110057,3.3457868609179884,4.431508416865332,7.777295277783319,2.749935068776812,0.5958517921411763,8.834476360038206,95445.47046635531,50703.60035101308,43923.50497127856,40757.45928888433,0.5061952281383005,0.6135948577834791,101.09334135540392,-98300.50603270964,10.58117247453136,12.85817335947015,13.5782644063246,1.2054917567892682
Belt,Belt town,MT,3005275,"Belt town, MT",19.93765287491356,193.74141927,1381.2223926380368,70.90950920245399,62.67331288343559,8.236196319018404,0.7808199474552148,3.291118240602307,4.071938188057522,0.676589097430675,0.1042308500245398,6.499999999999999,19.93765287491356,6.370976978643526,10.123461801016088,9.278121813558531,0.5305579809984172,0.8413093702585057,2.748517918077753,,11.0,20.0,3.0,1.0
Neihart,Neihart town,MT,3053200,"Neihart town, MT",3.844159703464255,111.64759774,44023.65384615384,2290.346153846154,2037.1153846153843,253.23076923076923,25.196348233661546,22.703766701544684,47.90011493520623,21.99165794861539,3.204690285046153,3.666666666666667,3.844159703464255,1.180310273667566,2.918170427990253,1.385723387593137,0.4446965172719541,0.5623028411034822,0.2976593625122779,,8.0,10.000000000000002,1.0,1.0
Chester,Chester town,MT,3014200,"Chester town, MT",0.7538008746292454,368.97986566,1983.5766666666664,105.82555555555555,91.80444444444444,14.02111111111111,1.1685141261217775,4.857481837087363,6.025995963209141,0.991073925233778,0.177440200888,5.336041105597707,0.7538008746292454,0.1993886110442482,0.3720888187022227,0.2936885904949932,0.5632124871214376,0.737984522444894,0.7673647096607313,,12.219932261549928,15.79631437203631,1.0,1.0
Terry,Terry town,MT,3073675,"Terry town, MT",0.6016904758335725,292.814264447999,1908.588028169014,99.24530516431923,87.7605633802817,11.484741784037558,1.092760146430986,2.982267394691298,4.075027541122284,0.947418249261972,0.145341897169014,6.166666666666666,0.6016904758335725,0.1309192391530575,0.3125024304441133,0.2421109217214077,0.6046982585071661,0.9498226863242596,0.215042936867519,,13.0,20.0,1.0,1.0
Whitehall,Whitehall town,MT,3079900,"Whitehall town, MT",305.50660642355695,477.38908248,3383.695464362851,177.7149028077754,146.83585313174947,30.87904967602592,1.9759459936190067,5.601775559101851,7.577721552720858,1.585164925390929,0.3907810682280777,8.706243839518145,305.50660642355695,95.69616843006938,138.54230124407093,128.11067767147208,0.6645299985774561,0.8755400029737046,28.602254499960573,,14.89092290846991,19.995989288722004,7.675275419958479,1.0
Fromberg,Fromberg town,MT,3029575,"Fromberg town, MT",3.1814359652119863,196.032036367999,3000.691943127962,155.23222748815164,134.51895734597156,20.713270142180093,1.714328929317536,4.906472880457844,6.62080180977538,1.45219800503128,0.2621309242862559,4.166666666666667,3.1814359652119863,1.0894008002089528,1.455747971960636,1.282215101130891,0.3897908042532437,0.6714447082503516,0.6929579926965959,,7.0,14.0,1.0,1.0
Big Sandy,Big Sandy town,MT,3006250,"Big Sandy town, MT",48.34508880435235,271.635307348,3523.7615131578946,185.6825657894737,160.07565789473685,25.60690789473684,2.052156071001316,3.730237462043488,5.782393533044804,1.7280951000157898,0.3240609709855263,7.831246108993044,48.34508880435235,16.96767229112267,25.63130362002233,20.06199241195432,0.6243384850143262,0.8016526310740499,18.73359522611433,,13.9973164258482,18.9946328516964,5.997763688206832,1.0
Polson,Polson city,MT,3058750,"Polson city, MT",1770.8771987339828,1643.58670181799,4645.442019683354,242.56953359007275,215.06268720581943,27.506846384253315,2.669812107555499,2.9988292639265515,5.6686413714820505,2.321707003078477,0.3481051044770218,8.852098135281155,1770.8771987339828,663.4211878537283,862.0601129376801,738.49652613549,0.6915567595349158,0.5909248040957796,81.2159510969212,,15.453377408627018,11.56166710119034,12.048772150934788,1.0
Harlowton,Harlowton city,MT,3034450,"Harlowton city, MT",0.9677809150671396,424.699248545,2366.557939914163,125.4892703862661,108.81115879828326,16.678111587982833,1.3857348511313303,5.137992583902155,6.523727435033486,1.1746697331708156,0.211065117960515,6.403700685848975,0.9677809150671396,0.2683820408424414,0.5455608300325652,0.3724043682113312,0.7111489372844454,0.7771290991246754,0.2930865797041706,,16.422204115093855,18.0,1.0,1.0
Browning,Browning town,MT,3010375,"Browning town, MT",593.068287094252,392.346522491,1970.305469556244,103.07223942208464,92.90815273477811,10.1640866873065,1.1316177172053663,3.4342729222071773,4.565890639412544,1.002988996603509,0.1286287206018575,9.39327555422189,593.068287094252,128.43144101307405,251.88898796250768,229.4914789436706,0.5673557959549094,0.3661350515791925,195.81722148910333,,12.040800867094188,4.983859440278469,18.66749650897935,1.0
Cut Bank,Cut Bank city,MT,3018775,"Cut Bank city, MT",1185.8210789107409,1010.38397292,1346.145339124624,71.19579017707986,62.51854326762446,8.677246909455397,0.784730724519078,6.250779370236391,7.035510094755469,0.6749182836527898,0.109812440866288,9.93917708128289,1185.8210789107409,575.9408175816817,621.4841001346202,522.4827755629875,0.717077972396777,0.7162261991618495,93.93188422406205,,15.632288044956969,14.891797434525836,13.555488504107268,1.0
Dutton,Dutton town,MT,3022600,"Dutton town, MT",0.8442569447255379,140.498168489999,2218.623493975904,116.42168674698796,103.53313253012048,12.88855421686747,1.2807983033373496,2.735406495388749,4.016204798726099,1.1176908554843374,0.163107447853012,6.0,0.8442569447255379,0.321278666678831,0.3940345979222434,0.3428893393253891,0.6118703620484797,0.7607864788826479,0.5362466306149535,,13.999999999999998,18.0,1.0,1.0
Fort Benton,Fort Benton city,MT,3028000,"Fort Benton city, MT",502.63128650756255,613.331893125,2769.5464150943394,142.00679245283018,127.97735849056605,14.02943396226415,1.5591237709941137,8.45001500276279,10.009138773756904,1.3815782426203775,0.1775455283737358,9.49475776753021,502.63128650756255,165.5735213402684,274.3286463917896,218.9683719616704,0.8272678836831424,0.9455020401799044,35.96378718633788,,18.989154001786645,19.99457700089332,7.992407801250651,1.0
Harlem,Harlem city,MT,3034375,"Harlem city, MT",139.68813384455797,277.588976521,1855.740614334471,95.65301478953356,87.35267349260523,8.300341296928327,1.0480574968482368,3.5725848453913955,4.620642342239632,0.9430148782216156,0.1050426186266211,7.999999043340346,139.68813384455797,24.00140529318133,56.64330842433391,51.202983572402815,0.67998049083519,0.7039285524386789,24.49497090852702,,15.999999324710837,15.99999898706625,6.999997974132502,1.0
Wibaux,Wibaux town,MT,3080350,"Wibaux town, MT",1.4161020864280764,283.955390176,6215.50998185118,356.47549909255895,257.6152450090744,98.86025408348458,4.0321806466264976,6.555258830899073,10.58743947752557,2.781082698296915,1.2510979483295823,6.499999999999999,1.4161020864280764,0.6086225988478116,0.7134744129067414,0.5989810527274502,0.655093848847532,0.8872250807185192,0.2893793453110643,,15.0,20.0,1.0,1.0
Culbertson,Culbertson town,MT,3018475,"Culbertson town, MT",7.9445411499390115,251.586206624,2318.9715976331363,123.39289940828402,105.91952662721891,17.473372781065088,1.3645824689126629,4.120519685314147,5.48510215422681,1.1434531481410652,0.2211293207715976,7.166666666666666,7.9445411499390115,3.2816424353307005,3.5041266682344765,2.7161616767002688,0.8062358916759758,0.9134558647396722,0.8117293065845383,,19.0,20.0,1.0,1.0
Clyde Park,Clyde Park town,MT,3015550,"Clyde Park town, MT",0.8693097856759445,115.30866627,4744.126829268293,246.50243902439024,220.11219512195123,26.390243902439025,2.710193171262439,5.015291562041383,7.725484733303823,2.376218913272196,0.3339742579902439,4.833333333333332,0.8693097856759445,0.331408422691709,0.5362018326114575,0.3883426901797719,0.5708885586132981,0.6320674959182726,0.5458152864658683,,12.0,13.0,1.0,1.0
Grass Range,Grass Range town,MT,3032575,"Grass Range town, MT",0.0744289610673547,61.338072604,2548.4789915966385,132.0084033613445,110.0,22.00840336134453,1.466024971959664,4.631421615756736,6.097446587716401,1.1875038560000002,0.2785211159596638,5.666666666666666,0.0744289610673547,0.0227273086552594,0.0373632194646673,0.0302237507771512,0.6542889225212757,0.6841105089648004,0.1105103221968908,,15.0,15.0,1.0,1.0
Lewistown,Lewistown city,MT,3043375,"Lewistown city, MT",2450.616637651903,2752.220708384,2875.990115882754,153.9585889570552,134.50187457396046,19.456714383094752,1.698242526877437,4.322968463278356,6.021210990155793,1.4520135881436949,0.2462289387337423,10.054684304816057,2450.616637651903,1117.2837155021064,1372.5740480370955,1201.4337876038949,0.7514220684204618,0.7885300833979131,99.08585679602712,,16.42624742621209,15.398100332923176,13.25187903488054,1.0
Winifred,Winifred town,MT,3081025,"Winifred town, MT",0.2787580604612504,86.770931884,3939.674846625767,210.71779141104287,181.59509202453987,29.12269938650307,2.328962001899386,3.490741450000411,5.819703451899797,1.9604079273619632,0.3685540745374233,5.666666666666666,0.2787580604612504,0.0851203669833714,0.139936100695176,0.1131967183967347,0.6542889225212757,0.6841105089648004,0.1105103221968908,,15.000000000000002,15.000000000000002,1.0,1.0
Superior,Superior town,MT,3072625,"Superior town, MT",4.516673257783989,296.541566650999,13439.984639016897,783.8801843317972,525.7188940092166,258.16129032258067,8.9424799512,6.2374295641295765,15.179909515329577,5.6753928528,3.2670870984,6.088975039648496,4.516673257783989,1.471992322378985,2.2768444670985635,1.7185325295784024,0.670565042220644,0.7482268661367086,0.6310215310806981,,15.733074881054506,16.80077535683648,1.0,1.0
Kalispell,Kalispell city,MT,3040075,"Kalispell city, MT",17967.816183810493,8831.438722776,5260.999537443915,271.1380267357417,239.7553078310745,31.38271890466719,2.9854310437471856,6.1283958205187785,9.113826864265963,2.588275932235164,0.3971551115120218,9.75554335637941,17967.816183810493,8511.906580028164,7742.996228092269,7212.357684404977,0.6979949435114526,0.7124385119520862,97.65767784847768,,15.567797663010207,15.4008232812613,12.782319597002468,1.0
Winnett,Winnett town,MT,3081100,"Winnett town, MT",0.2627184728089848,86.370370284,5826.3375,313.40625,265.5875,47.81875,3.472303742495,5.792167986558989,9.26447172905399,2.8671470941400004,0.6051566483549999,5.0,0.2627184728089848,0.1149393318539308,0.1800108054431932,0.1137230426279633,0.5527321495587318,0.6518988423419331,0.1641561314368385,,12.0,14.0,1.0,1.0
Whitefish,Whitefish city,MT,3079825,"Whitefish city, MT",4795.36181231689,2919.64535975199,6871.9214171161975,363.599941682461,324.26461583321185,39.33532584924916,3.9983923643963264,6.111635973540075,10.110028337936402,3.5005952878754343,0.4977970765208921,8.66420038680711,4795.36181231689,1829.08613656735,2996.64054661348,2114.093634349452,0.6383669538160687,0.6019953536183968,80.93960111243855,-99998.99999999996,14.000225600604598,12.152188067681166,11.916394326278445,1.0
Fairview,Fairview town,MT,3025300,"Fairview town, MT",1.6787916985479017,333.019857943,4224.597435897436,228.92820512820512,196.02820512820512,32.9,2.532577082488205,3.924286243155663,6.456863325643868,2.1162204497682056,0.41635663272,6.499999993638808,1.6787916985479017,0.6701549712275676,0.7479668693476724,0.6166592909757579,0.658356073105619,0.8393061177750184,0.4546004070748698,,14.999999999999998,19.999999954893365,1.0000000034697414,1.0
Darby,Darby town,MT,3019300,"Darby town, MT",435.2186132596268,248.777968812999,2662.474302496329,142.84728340675477,122.81057268722466,20.036710719530102,1.5793691783295156,5.4903838007786,7.069752979108115,1.325800260214978,0.2535689181145374,10.659091097010434,435.2186132596268,115.46860597623484,222.1036029299569,192.2608021216587,0.767229837082195,0.8410755704555476,74.07625623803531,,17.988636645515648,19.99090931641252,11.987500310067212,1.0
Pinesdale,Pinesdale town,MT,3057700,"Pinesdale town, MT",272.58147803826154,167.840551278,1431.1519916142558,73.62368972746332,66.78406708595388,6.839622641509434,0.8075236090306082,1.241937285544892,2.0494608945755,0.7209667016721175,0.0865569073584905,3.666666667302584,272.58147803826154,85.10666192594006,81.50426356718086,75.65036618231,0.3689732763929789,0.309798581425136,8.68500452282101,,6.000000006677128,4.000000004769378,4.999999996184498,1.0
Medicine Lake,Medicine Lake town,MT,3048775,"Medicine Lake town, MT",0.4976432219157134,120.406754546,3939.3295454545455,205.0340909090909,179.08712121212122,25.94696969696969,2.261697681357576,3.976992392777392,6.238690074134968,1.933333154539394,0.3283645268181818,4.166666666666667,0.4976432219157134,0.1787992461042298,0.3223671136657541,0.2378118051632612,0.4759663862801098,0.5989067989259732,0.4857286459688406,,9.0,12.0,1.0,1.0
Shelby,Shelby city,MT,3067450,"Shelby city, MT",2337.1063701960784,1186.31823494799,3664.374367088608,199.87215189873416,167.21993670886076,32.65221518987342,2.218441949881266,4.817221622422552,7.035663572303817,1.8052210876531647,0.4132208622281012,6.679999245384932,2337.1063701960784,780.8379766030121,922.4708038774178,765.2344193978702,0.4718891811994473,0.4579317873984795,60.46898525486365,,9.917752586291732,9.02665844974767,9.567792218135097,1.0
Sidney,Sidney city,MT,3067900,"Sidney city, MT",2257.2687932504127,2596.065983092,2702.674886842516,144.7075074137662,124.35445606368036,20.35305135008584,1.6000395145259874,4.380785327648692,5.98082484217468,1.3424672371491184,0.257572277376869,9.291439203062618,2257.2687932504127,1413.0060972304325,1105.2824548153528,975.8507839246948,0.7605307040475807,0.6931357105145507,81.20316216782375,,17.19181165750184,13.561724134558084,11.497549713157888,1.0
Virginia City,Virginia City town,MT,3077125,"Virginia City town, MT",1.1785678659215912,107.763676127999,7933.540669856459,422.9760765550239,368.8181818181818,54.1578947368421,4.666952745435407,6.712380412407844,11.379333157843254,3.981572846109091,0.6853798993263158,5.666666666666666,1.1785678659215912,0.3917229893221727,0.7656017643802117,0.4129661015413794,0.6908791990985735,0.6649695246367259,0.2962073722186155,,16.0,14.0,1.0,1.0
White Sulphur Springs,White Sulphur Springs city,MT,3080050,"White Sulphur Springs city, MT",4.188855297122862,309.020950049999,2776.4464464464463,147.55855855855856,128.78378378378378,18.774774774774773,1.6278828436324326,2.9667989347466963,4.59468177837913,1.3902839984864863,0.2375988451459459,7.035776942740023,4.188855297122862,1.6987223037642971,2.0007408853138005,1.4283503416070278,0.8145933449246168,0.8939979337590006,0.9445861902932988,,18.67872522308915,19.53593643335099,1.0,1.0
Ennis,Ennis town,MT,3024475,"Ennis town, MT",2.7164520061328874,198.52460719,3156.1031149301825,168.968850698174,146.3576799140709,22.61117078410312,1.8661520797671325,3.28851910566418,5.154671185431312,1.580002811392481,0.2861492683746509,6.860852965174634,2.7164520061328874,1.0355914402353943,2.2272337169444367,1.20318663763799,0.8209118906699204,0.8847128662808044,0.5791902454603868,,18.41283769313529,18.75228009791251,1.0,1.0
Sheridan,Sheridan town,MT,3067600,"Sheridan town, MT",309.880346559656,236.954048543999,1953.5681511470984,102.39001349527666,87.91363022941971,14.476383265856953,1.1322724495492578,4.386502848580388,5.518775298129646,0.949070680839946,0.1832017687093117,8.333266565040077,309.880346559656,80.47854853817752,136.0923112167585,117.37464792836066,0.703953430429055,0.842001013850122,17.77676990591065,,16.0,19.99984977134017,5.999874809450143,1.0
Deer Lodge,Deer Lodge city,MT,3019825,"Deer Lodge city, MT",1718.2750937963765,1356.78832199999,2040.3308295231875,107.18811234487262,91.71750489875896,15.470607446113652,1.1859192615307643,19.02938160075021,20.215300862280973,0.9901353702725018,0.1957838912582625,9.904814014748217,1718.2750937963765,656.6768172473971,930.4218732092578,808.7572094290166,0.6435469522409142,0.6916564195678225,104.29599419945292,,14.29962483975862,14.917156762218784,14.106051243255944,1.0
Hobson,Hobson city,MT,3036700,"Hobson city, MT",0.1633002750224889,84.24026922,2610.861111111112,137.86507936507937,121.36507936507935,16.5,1.519006529288889,2.0731166023728376,3.592123131661727,1.310195452088889,0.2088110771999999,5.499999999999999,0.1633002750224889,0.0519747724073678,0.1305372996765904,0.0735880441015207,0.5423307368185556,0.7859755303048287,0.3533659765720016,,11.0,18.0,1.0,1.0
Westby,Westby town,MT,3078925,"Westby town, MT",0.6434438388464082,82.193832571,4078.60736196319,213.5276073619632,184.8159509202454,28.7116564417178,2.358530913030674,3.968318169873143,6.326849082903818,1.99517867607362,0.3633522369570551,4.66666665012995,0.6434438388464082,0.2312376291699011,0.4536781752606798,0.2789932270150277,0.6120017442155825,0.5675257697248078,0.489554604487592,,13.99999995420602,9.999999946573688,1.0,1.0
Choteau,Choteau city,MT,3014650,"Choteau city, MT",131.0998905607932,717.776358111999,2559.73512252042,133.30746791131855,118.12835472578764,15.17911318553092,1.4673483931019835,4.57808641113537,6.045434804237353,1.2752534249073513,0.1920949681946324,7.9933788128540355,131.0998905607932,33.95373368072172,63.83933945904887,56.38514355475159,0.7081798946864838,0.8438882268622422,10.616023792107685,,16.482255249498674,19.48043912583876,4.998789250893389,1.0
Fairfield,Fairfield town,MT,3025225,"Fairfield town, MT",1.5956612901804506,293.166869639999,1455.832258064516,75.37290322580645,66.03483870967742,9.338064516129032,0.831053645472,4.71802007994207,5.54907372541407,0.7128784145280002,0.118175230944,7.166666666666665,1.5956612901804506,0.5503679195791893,0.7396836658717851,0.6396167714028416,0.7932087297152582,0.8391379200095669,0.4799464954331566,,19.0,20.0,1.0,1.0
Bozeman,Bozeman city,MT,3008950,"Bozeman city, MT",39783.2970301418,17181.6671712259,6707.927635832475,362.4022652714255,296.0652522688633,66.3370130025622,4.035678633201734,5.3947559369274565,9.43043457012919,3.19616935178989,0.8395092814118436,15.54540881095758,39783.2970301418,21777.31379258412,17911.044005516258,16429.608883828067,0.7032136849163411,0.7484614478418458,185.7800667103977,-6606.885691550345,15.543523068618702,17.075040520555326,14.769513027822684,15.55743161046305
Thompson Falls,Thompson Falls city,MT,3073825,"Thompson Falls city, MT",574.589024670666,525.10149499,5224.703382480486,275.6608846487424,239.7831743278404,35.877710320902,3.042616967109801,5.405858190394706,8.448475157504506,2.5885767647111884,0.4540402023986123,12.898519333132064,574.589024670666,145.23903660300894,242.54513078689232,227.2436816797696,0.8613332900633094,0.910306703915316,158.21592418189303,,19.91301657125605,19.971005523752016,17.753546951892154,1.0
Livingston,Livingston city,MT,3043975,"Livingston city, MT",5564.560991663896,3324.14622259499,6593.64479889043,370.8463245492372,283.78959778085994,87.05672676837726,4.165369402583634,5.632152373361238,9.797521775944873,3.0636476514314563,1.1017217511521773,11.65841262793356,5564.560991663896,2864.541654684406,2818.622529422898,2689.2980144499634,0.5531812200814235,0.7207340919632388,143.4293450093419,-68069.12170325678,11.575832179178022,15.752547287230495,16.31929447069144,4.991753679904981
Great Falls,Great Falls city,MT,3032800,"Great Falls city, MT",47329.19497059804,25554.1129159479,4524.678424317826,236.9050084903916,207.8110257401772,29.09398275021436,2.6116124264228384,6.928325891924792,9.53993831834763,2.243421767143416,0.3681906592794229,9.19349722423032,47329.19497059804,22342.05731456904,23052.98961067813,21142.38242406258,0.5750449015761748,0.6102834735303683,106.89153475972422,,12.437521998731189,12.408530949666362,14.157465198492194,1.0
Bridger,Bridger town,MT,3009475,"Bridger town, MT",93.24921305109288,322.384439663999,2525.407494145199,131.72014051522248,113.77166276346604,17.94847775175644,1.4553626793161594,4.501715586534498,5.957078265850657,1.228220802137705,0.2271418771784543,7.4858734254912065,93.24921305109288,27.845685430260147,43.156199207286136,38.07871752686616,0.6481976262740244,0.903166978691828,6.942817738579839,,14.966096221178896,19.97457216588417,3.987286082942086,1.0
Joliet,Joliet town,MT,3039700,"Joliet town, MT",79.14318672950084,242.695312172999,3403.8083182640144,177.89511754068715,150.72151898734177,27.17359855334539,1.9710003716528028,3.323631931583835,5.294632303236638,1.627112590724051,0.3438877809287522,7.999999996761901,79.14318672950084,36.01299683545948,35.30127753465586,30.746273982257275,0.6570560607105825,0.804630954172663,17.810572896647628,,14.999999994678356,18.9999999920796,5.999999996906726,1.0
Red Lodge,Red Lodge city,MT,3061525,"Red Lodge city, MT",737.2157554134369,1036.237956773,3671.3341924398624,193.9729381443299,172.01245704467354,21.96048109965636,2.1348733404446736,8.941208786924461,11.076082127369132,1.85695869109622,0.2779146493484536,9.867571202728683,737.2157554134369,389.1532398235833,563.941355692674,333.49852645417246,0.74786842618683,0.8160427740010147,100.3373664212782,,16.136980583689596,18.60284903481266,11.232798798934937,1.0
Glendive,Glendive city,MT,3031450,"Glendive city, MT",2553.690511987845,2173.713311825,3057.8225294227536,165.71754156547732,137.5271810199888,28.19036054548851,1.84142837679193,4.610426171616077,6.451854548408008,1.4846732524186064,0.3567551243733233,9.06872415258368,2553.690511987845,1252.8017897783682,1213.961727723786,1102.7427343605325,0.6865094831294946,0.6342715598487507,85.06722841209977,,15.210364227328489,12.733709673728972,12.234135507222312,1.0
Richey,Richey town,MT,3062275,"Richey town, MT",0.1711490491839709,111.8117357,3519.9850746268658,185.4577114427861,160.3781094527363,25.07960199004976,2.048748013106468,7.745673935426881,9.794421948533348,1.731360212664677,0.317387800441791,5.666666666666666,0.1711490491839709,0.0706514467339825,0.0942019289786433,0.0680865427271383,0.5628642151934401,0.7726401499745983,0.1225841552993173,,12.0,18.0,1.0,1.0
Lima,Lima town,MT,3043525,"Lima town, MT",0.1118940648145603,70.4958801599999,8436.683229813665,478.0931677018633,370.8819875776397,107.2111801242236,5.360633367577639,3.0803104696387424,8.440943837216382,4.003852639721739,1.3567807278559003,5.666666666666666,0.1118940648145603,0.0486308820155589,0.1327666115203533,0.0527193189991678,0.6840739999115938,0.6658607755479317,0.1088130410556421,,16.0,14.0,1.0,1.0
Melstone,Melstone town,MT,3049000,"Melstone town, MT",0.5149207019670162,54.6380092369999,5526.858585858586,282.37373737373736,233.1919191919192,49.18181818181818,3.139827510149495,14.277342989508387,17.417170499657885,2.517420938440404,0.6224065717090909,4.0,0.5149207019670162,0.1655306817224334,0.2720659993707816,0.2136434058216874,0.4313203868837961,0.6142365229148461,0.1672508651678739,,8.0,12.0,1.0,1.0
Roundup,Roundup city,MT,3064525,"Roundup city, MT",268.95727671812483,768.204155502,2279.6112938596493,120.72916666666666,103.82730263157896,16.90186403508772,1.3347633194434212,3.9903544676652167,5.325117787108638,1.1208665657552634,0.2138967536881578,8.533057828366802,268.95727671812483,111.00153815104976,141.6380711628372,113.89222616314518,0.7324634802496162,0.8334807207520079,17.879238919805637,,17.19834697296486,19.99999999833765,5.999999999449148,1.0
Rexford,Rexford town,MT,3062200,"Rexford town, MT",2.711094038197864,68.887827392,2052.5060240963853,108.72289156626506,96.96385542168674,11.759036144578314,1.1955854445493976,6.123170524682323,7.318755969231719,1.046772292780723,0.1488131517686746,7.166666666666666,2.711094038197864,0.6673462247871665,1.688122522570168,0.924186712616438,0.6333592609246714,0.798194000163429,4.248104175358857,,14.0,19.0,4.0,1.0
Hot Springs,Hot Springs town,MT,3037825,"Hot Springs town, MT",2.4755613970481827,320.661095762,2396.0400843881857,123.81012658227849,109.95991561181437,13.850210970464136,1.3623485479611817,3.635139326359792,4.997487874320974,1.1870711254042197,0.175277422556962,6.500000000000001,2.4755613970481827,0.6825782013856341,1.5421211216490252,1.1454090046043832,0.5831799290961436,0.9167034139594172,1.140308997100112,,13.000000000000002,20.0,2.0,1.0
Conrad,Conrad city,MT,3017275,"Conrad city, MT",1285.4197653255417,1071.07181657499,1557.1298801700812,80.74178585233861,71.12717433320448,9.614611519134131,0.8895276640139158,6.19636390073909,7.085891564753005,0.7678526707914961,0.1216749932224197,9.009487218878542,1285.4197653255417,524.2569039328573,632.3312989405854,518.9310673098356,0.5681436348050207,0.4259157836707585,194.79325407294792,-99999.00000000004,11.74628538949729,6.971772984538904,16.66943246961752,1.0
Valier,Valier town,MT,3076225,"Valier town, MT",1.92000251872652,237.64677207,3538.8472998137804,186.08193668528864,160.00372439478585,26.0782122905028,2.0573439729579146,3.3609708065207484,5.418314779478663,1.7273185426651771,0.3300254302927374,6.333333333333333,1.92000251872652,0.3989963393169476,0.8127207314274739,0.6587456340400613,0.663672740688143,0.7974060081013762,0.3998077199392639,,15.0,19.0,1.0,1.0
Plains,Plains town,MT,3058150,"Plains town, MT",49.421971479842526,409.672346753999,3593.625954198473,186.91730279898212,163.12468193384225,23.79262086513995,2.062111582608652,4.702059171419736,6.764170754028388,1.761010807320102,0.3011007752885496,8.40981168588048,49.421971479842526,17.550086893869203,28.19004248457909,18.19919119910368,0.8570026882273305,0.8188417863089632,11.78354014584161,,19.651322099625244,19.02343131378795,4.8920583509348425,1.0
Stanford,Stanford town,MT,3070675,"Stanford town, MT",0.6857715493500309,169.1654196,2538.8804347826085,134.20923913043478,115.83423913043478,18.375,1.483026932556522,6.4259041125319625,7.908931045088485,1.250487323856522,0.2325396086999999,5.166666667580809,0.6857715493500309,0.2320228064490689,0.420112300853952,0.3391102555520552,0.5879633075767655,0.652022649014048,0.4748797338305955,,12.99999999451514,14.000000010969718,1.0,1.0
Malta,Malta city,MT,3047425,"Malta city, MT",1327.1342801762053,776.705352783,2043.7292358803984,109.80121816168328,95.0437430786268,14.757475083056478,1.2128027865470654,3.402961687525562,4.615764474072627,1.0260437399503877,0.1867590465966777,12.341880359512958,1327.1342801762053,360.8938031071899,664.3885067906606,585.8318452595593,0.7020468692242067,0.8907590357964391,182.9322117084324,,16.389743568557837,19.99999999998377,17.830769294268073,1.0
Saco,Saco town,MT,3065050,"Saco town, MT",0.1680610760389992,97.955889322,4023.022321428572,220.34821428571428,186.66071428571428,33.6875,2.4414164157500005,3.612753620008635,6.054170035758636,2.0150937998000003,0.4263226159499999,5.333333332266611,0.1680610760389992,0.0566735108422084,0.117567389507217,0.064812791657981,0.5871280736685616,0.6800880304449136,0.8537328268676673,,12.999999996968269,14.999999996631406,1.0,1.0
Hysham,Hysham town,MT,3038350,"Hysham town, MT",0.1727202779903508,154.265402795999,1328.6078431372548,68.36764705882354,58.740196078431374,9.627450980392156,0.7559666552549019,3.47721694566591,4.233183600920812,0.6341291758666667,0.1218374793882352,5.166666666666666,0.1727202779903508,0.0735783938414493,0.1035877085501975,0.0811362953236525,0.6332444062556801,0.6292486807196671,0.3454797818064376,,13.999999999999998,13.0,1.0,1.0
Hardin,Hardin city,MT,3034225,"Hardin city, MT",2127.113827948012,1276.240043266,2992.7793846962923,164.90139363660268,127.68498553773335,37.21640809886932,1.849403646457218,5.284128773055304,7.133532419512522,1.3784219334487513,0.4709817130084669,9.789376608463645,2127.113827948012,762.3236382286422,765.887340712091,673.8882948129564,0.6411426308547116,0.6504623220789706,139.87110699385363,,13.576103914355532,13.249146584999524,14.95550457571341,1.0
Dodson,Dodson town,MT,3021025,"Dodson town, MT",0.0918547131622608,54.762740452,3083.1160220994475,163.86740331491714,143.00552486187846,20.86187845303868,1.8078262510674032,1.853516679788848,3.661342930856251,1.5438146563889503,0.264011594678453,5.333333333333332,0.0918547131622608,0.0309752216583049,0.0642571087592497,0.035423790726253,0.5871280737856153,0.6800880305441285,0.8537328270425498,,13.0,14.999999999999998,1.0,1.0
Drummond,Drummond town,MT,3021850,"Drummond town, MT",2.198531243923106,82.4592482999999,15004.078313253012,917.3222891566264,626.9548192771084,290.36746987951807,10.442947514168674,2.4113477536350088,12.854295267803684,6.768284231175904,3.674663282992771,6.166666666666666,2.198531243923106,0.6593410483264925,1.207336422928975,0.8449171711998431,0.6775548893977257,0.7528266362288546,0.6637059101250596,,16.0,17.0,1.0,1.0
Three Forks,Three Forks city,MT,3073975,"Three Forks city, MT",712.2083760348361,765.730337339,1435.0633701392223,73.59721555448871,65.23379740758521,8.363418146903504,0.8100716513202113,2.770908117785374,3.580979769105585,0.7042307814820932,0.105840869838118,9.586618414358316,712.2083760348361,293.0249699077802,337.06090931329214,309.936677822588,0.6401107363903974,0.6723548278949867,103.83838689279072,,14.68787586942893,13.757031878621872,13.537401369049544,1.0
Big Timber,Big Timber city,MT,3006475,"Big Timber city, MT",457.2567119055078,628.515363273999,2787.3429919137466,149.28706199460916,122.13207547169812,27.15498652291105,1.6621277922296498,4.9123296178085205,6.57445741003817,1.3184755505811323,0.3436522416485175,8.749186797337622,457.2567119055078,145.00617097625232,223.4494091245625,189.14109822922111,0.7122603744793344,0.7765919406266559,37.03749860358701,,16.08402661189532,18.02828589127773,8.19140414042634,1.0
Forsyth,Forsyth city,MT,3027700,"Forsyth city, MT",1306.2978257586076,719.724490002,1939.849755035384,102.35982580293955,87.23734349482852,15.122482308111053,1.1331481265933587,3.929050112847541,5.0621982394409,0.9417698344300492,0.1913782921633097,13.499121728179915,1306.2978257586076,437.7543896204841,750.686566575109,576.4441113853009,0.7957031394231757,0.9432487154055518,233.1532494822356,,18.999001858871544,19.999028173567943,19.99835016832,1.0
Stevensville,Stevensville town,MT,3071200,"Stevensville town, MT",939.1291066352718,845.87869091,1851.1324404761904,94.08234126984128,84.70932539682539,9.373015873015872,1.0330961892873018,4.533680929123588,5.566777118410889,0.9144786413444446,0.1186175479428571,7.049416988710861,939.1291066352718,319.7420846507003,400.9553599610371,384.60619291207007,0.6472304036993127,0.5189928491069629,41.06492877183761,,14.198675219217067,9.649933444778986,8.223946634134554,1.0
Belgrade,Belgrade city,MT,3004975,"Belgrade city, MT",8130.738472907245,2920.889923459,3020.63779527559,156.73876047752094,134.28803657607315,22.4507239014478,1.7338238805511812,5.207917255162259,6.94174113571344,1.4497051022614174,0.2841187782897638,11.297529491844626,8130.738472907245,4868.822149947418,3392.252371194666,3116.05089963854,0.678983466042751,0.8168644599914624,125.74514386328588,,15.597981828836296,19.37332087110374,15.406937125563854,1.0
Manhattan,Manhattan town,MT,3047575,"Manhattan town, MT",256.0223278213302,642.326723904,3515.2115384615386,188.28846153846155,155.85846153846154,32.43,2.0929770814344617,5.844733492249112,7.937710573683574,1.6825684006104618,0.4104086808239999,8.665566248805247,256.0223278213302,137.19872840905325,118.54191553459388,107.13111055452605,0.7649057643258036,0.9385631744427224,14.346250593068774,,17.99872209538674,19.99680523846684,5.998935079488947,1.0
Ronan,Ronan city,MT,3064150,"Ronan city, MT",717.2850950893176,754.859030562,4946.248566961959,256.48202188639914,225.14799374674308,31.33402813965607,2.827121744278479,3.4946692899068927,6.321791034185372,2.4305828249538304,0.3965389193246482,8.66522205862452,717.2850950893176,254.664710326278,306.7677248340536,283.6960447279433,0.682473753330073,0.7413491691874697,34.324985957025774,,16.09048339220488,17.360559923750042,8.270144517896092,1.0
St. Ignatius,St. Ignatius town,MT,3065275,"St. Ignatius town, MT",373.2741169960756,334.330220197,2372.962080173348,120.97074756229684,108.21343445287108,12.757313109425786,1.3296635694015169,3.3420214995648663,4.671685068966383,1.1682170062162514,0.1614465631852654,9.165468339609513,373.2741169960756,108.9641193727821,164.417490722061,148.52773145235005,0.7189723793047774,0.89871520607312,36.97237843769524,,16.997945724941335,19.997329442931083,7.998767434892322,1.0
West Yellowstone,West Yellowstone town,MT,3079525,"West Yellowstone town, MT",1015.9999671268127,481.456310459999,2992.3336259877087,162.29850746268656,143.7155399473222,18.58296751536436,1.7866510995539948,12.247691311250248,14.03434241080424,1.5514796168597016,0.2351714826942932,11.333333333078418,1015.9999671268127,554.9999820392558,869.9999718963265,539.9999825283089,0.8061634144025843,0.625109508670761,140.79994149384927,,18.99999999987254,12.999999999957511,16.999999999320224,1.0
Broadus,Broadus town,MT,3009700,"Broadus town, MT",2.4617521637500426,185.902152919999,3003.501066098081,160.07036247334756,134.02558635394456,26.044776119402982,1.776474111916418,3.9438568014702975,5.720330913386716,1.4468718236179106,0.3296022882985074,7.333333333333333,2.4617521637500426,0.8169691468539054,1.45680781496515,1.156770473421459,0.8574640071021463,0.9634331635348444,0.7637063038583146,,20.0,20.0,1.0,1.0
Poplar,Poplar city,MT,3058975,"Poplar city, MT",142.11607212639095,299.200000203999,1957.0341340075847,102.80910240202276,93.17067003792668,9.63843236409608,1.1277994505992417,4.497155789497023,5.624955240096265,1.0058229994194692,0.1219764511797724,7.872531586436219,142.11607212639095,27.96103462383764,53.69037624559847,41.63489742646699,0.6256907022301731,0.6451265456217794,40.37125903339454,,14.34525035106388,13.872063640957617,8.50893776329791,1.0
Wolf Point,Wolf Point city,MT,3081475,"Wolf Point city, MT",1315.395159583753,796.431395147999,1566.4491253123883,82.5048197072474,73.21670831845769,9.288111388789718,0.9079532764858266,7.046559046527391,7.954512323013217,0.7904102131981436,0.1175430632876829,10.582084252412336,1315.395159583753,376.9642561736173,416.87342288932587,331.68596754655283,0.7739166908809755,0.5959547177189836,173.86285417879566,,17.826160798440384,11.883728045933903,15.89130833504986,1.0
Bainville,Bainville town,MT,3003400,"Bainville town, MT",1.941525325475559,71.133004992,5047.981818181818,265.3181818181818,222.4590909090909,42.85909090909091,2.94394588964,4.985821972266674,7.929767861906674,2.401554802334545,0.5423910873054545,5.333333333333332,1.941525325475559,0.5629627736778516,0.9210309689499834,0.6862973742715859,0.6470476989150968,0.6485999805833088,0.4055588600815112,,15.0,13.0,1.0,1.0
Opheim,Opheim town,MT,3055525,"Opheim town, MT",0.0991315316673734,45.2608693539999,5635.9324324324325,300.9054054054054,258.8513513513513,42.054054054054056,3.3266302428324326,5.0605328088694606,8.387163051701892,2.7944270714594595,0.5322031713729729,4.999999999999999,0.0991315316673734,0.0228564137572995,0.0824136976048914,0.0539411364672269,0.5178077285565831,0.6777306279217463,0.2680662600014221,,11.0,15.0,1.0,1.0
Baker,Baker city,MT,3003475,"Baker city, MT",193.8002657207288,718.024489536,2099.458199356913,112.06162915326902,94.83333333333331,17.228295819935692,1.2418000824291533,4.987686853223573,6.229486935652727,1.0237722637333335,0.2180278186958199,7.573279627716707,193.8002657207288,68.7659082068477,98.7860926067256,86.92854223967602,0.6871529495629477,0.6886621738187689,27.374238623689028,,15.006547638845351,13.57982127161972,7.426654427917588,1.0
Plevna,Plevna town,MT,3058450,"Plevna town, MT",0.3057153710871067,62.542856688,3954.783505154639,204.6494845360825,172.20618556701032,32.44329896907217,2.269627067505154,4.222395533413686,6.492022600918842,1.85905008534433,0.4105769821608247,4.833333333333333,0.3057153710871067,0.1223596377067386,0.1859278578967259,0.1451413119944797,0.6498007000042925,0.5630417574699501,0.1913292465148636,,14.999999999999998,10.0,1.0,1.0
Chinook,Chinook city,MT,3014575,"Chinook city, MT",549.3118326456772,556.946051956,2124.2941738299905,111.72970391595032,95.47851002865328,16.25119388729704,1.2363996439404012,5.209181488292219,6.44558113223262,1.0307372620378223,0.2056623819025788,8.177798277652995,549.3118326456772,217.17362632634507,359.1651849922141,299.3487625235319,0.4117848307655111,0.4348223270032118,133.08019094641114,,7.905135424702608,7.098819877244804,16.03141718198528,1.0
Laurel,Laurel city,MT,3042700,"Laurel city, MT",2811.9841188058044,2823.26289894099,2850.657625162314,148.4576540181792,129.68763526186697,18.770018756312226,1.6375801744192755,3.522912537365832,5.160492711785109,1.4000415177180785,0.2375386567011975,8.374260388131088,2811.9841188058044,1687.9765939152614,1274.102789652939,1216.9376817409438,0.6223159112356754,0.6628803926135064,63.82197302037686,,13.548979855617016,13.766365048042513,10.4651087125635,1.0
Kevin,Kevin town,MT,3040525,"Kevin town, MT",0.6127133981643542,64.952830206,8013.027272727273,413.9090909090909,370.57272727272726,43.33636363636364,4.548945100458182,4.356506121856723,8.905451222314905,4.000514023316364,0.5484310771418182,4.5,0.6127133981643542,0.1926696427821504,0.3889294031316702,0.277635758543223,0.5450698663252238,0.52440515843279,1.66151913263275,,12.0,9.0,2.0,1.0
Sunburst,Sunburst town,MT,3072175,"Sunburst town, MT",2.212472549490724,127.01886804,9016.526501766784,517.13074204947,391.8056537102473,125.32508833922262,5.815750023262191,5.703687192813187,11.519437216075378,4.229733859850177,1.586016163412014,4.998342840887645,2.212472549490724,0.6633814615964532,1.399329329155612,0.9927025898914916,0.6276990332662655,0.580202390487668,1.3712556217593426,,13.99337136355058,10.99337136355058,1.5016571591123558,1.0
Lodge Grass,Lodge Grass town,MT,3044275,"Lodge Grass town, MT",47.06557843324278,91.601408616,3459.547770700637,192.47770700636943,178.46496815286625,14.012738853503183,2.1039509558114653,1.2321247348544906,3.336075690665956,1.926616707658599,0.1773342481528662,5.833333333333333,47.06557843324278,7.893598060082646,13.912466580895664,10.163007502356407,0.6929118637240296,0.4573151383985924,10.964846596044069,,16.0,7.0,5.0,1.0
Missoula,Missoula city,MT,3050200,"Missoula city, MT",64148.2951120295,30212.479103573,5079.976710355549,265.8932783775689,227.30765720153457,38.58562117603434,2.9422068506649177,6.927218115759821,9.869424966424738,2.453897449319532,0.4883094013453856,14.507026768241564,64148.2951120295,30662.671127868623,29948.88070290954,28171.609015117923,0.5662228481028797,0.6399670231319807,136.01706561473205,-5029.49085517674,12.042472671677713,13.511270479543445,14.369304040981175,16.374904688132933
Havre,Havre city,MT,3035050,"Havre city, MT",6426.535524697308,3871.64737386599,2516.603565970453,132.5165562913907,115.7429444727458,16.77361181864493,1.4617754474128988,4.712530906249797,6.174306353662696,1.2495017533289048,0.2122736940839938,9.120686982825392,6426.535524697308,2847.385441104747,2792.1226312984654,2589.786904906909,0.465678214115273,0.6020152210279195,141.3658646811065,,9.363937780778588,11.871071929788314,15.744556093192728,1.0
Froid,Froid town,MT,3029500,"Froid town, MT",1.2077699796643553,87.60591136,4150.725714285714,215.4,189.29142857142853,26.10857142857143,2.3739032802788573,4.5570650203732255,6.930968300652083,2.043493648512,0.3304096317668571,5.333333333333332,1.2077699796643553,0.3502037953330046,0.5729482587956931,0.4269268883034862,0.6470476989150968,0.6485999805833088,0.4055588600815112,,15.0,13.0,1.0,1.0
Alberton,Alberton town,MT,3000700,"Alberton town, MT",2.203272559144803,155.711879054999,9363.832214765102,558.6208053691275,363.4395973154362,195.18120805369128,6.39356889625235,17.250592234732835,23.644161130985182,3.92350839304698,2.4700605032053686,4.833333378427388,2.203272559144803,0.5283158106847433,1.2542608356760343,0.8296514793407067,0.4559324471755335,0.7150143935354385,0.3272284015302884,,9.000000216451465,16.000000054112867,1.0,1.0
Denton,Denton town,MT,3020425,"Denton town, MT",0.6761709666731748,116.691942356,4296.213930348259,225.65671641791045,193.7363184079602,31.920398009950247,2.495437967673632,8.798206571870999,11.293644539544632,2.0914784105154234,0.4039595571582089,3.0000000000000004,0.6761709666731748,0.2185006617197158,0.3330658735403236,0.2746021829720753,0.4974789141565287,0.3271452410690061,0.1979155879213578,,10.0,4.0,1.0,1.0
Moore,Moore town,MT,3051550,"Moore town, MT",0.8127504703580344,69.566351052,3027.243654822335,159.1573604060914,138.62436548223351,20.532994923857867,1.7563673981847716,7.802434922736788,9.55880232092156,1.4965178958700511,0.2598495023147207,6.833333333333333,0.8127504703580344,0.277643034241848,0.4330932391471088,0.3239791530116854,0.7168848328326939,0.8631136586667265,0.4134327615987734,,17.0,20.0,1.0,1.0
Ekalaka,Ekalaka town,MT,3023650,"Ekalaka town, MT",1.1479645304212065,175.69135817,2917.1618497109826,155.58670520231215,133.3121387283237,22.27456647398844,1.7210592750497111,4.216409636840935,5.937468911890647,1.439169807195376,0.2818894678543352,6.166666666666666,1.1479645304212065,0.2770440715265556,0.7043992882430509,0.5496672270181129,0.6490879371931557,0.7856583113065739,0.2834467470007066,,15.0,18.0,1.0,1.0
Outlook,Outlook town,MT,3056050,"Outlook town, MT",1.3982906109547797,33.7968744849999,7285.644444444444,385.1,331.8777777777778,53.22222222222222,4.256321859271111,10.456626857803077,14.712948717074187,3.582783098471112,0.6735387608,3.833333333333334,1.3982906109547797,0.7753989984532417,1.0032413581883175,0.6375911195812201,0.5447448832187898,0.492176778581056,0.3989130352420035,,11.0,8.0,1.0,1.0
Columbia Falls,Columbia Falls city,MT,3016600,"Columbia Falls city, MT",2472.292733886024,1925.26740811799,4816.3576612903225,253.0219758064516,222.41532258064515,30.60665322580645,2.788416133895,14.321884959492634,17.110301093387637,2.4010823018000003,0.3873338320949999,10.843554347070064,2472.292733886024,857.928856042667,1125.6945999321151,1103.2423522840625,0.699408761027376,0.8319680651950241,132.62943622871097,,15.990808835908812,18.82516611010725,14.122675568202157,1.0
Hingham,Hingham town,MT,3036400,"Hingham town, MT",0.1648238631273483,54.0364584999999,5363.011111111111,287.3666666666667,252.1555555555556,35.21111111111111,3.1677469224622223,5.412996082810041,8.580743005272263,2.7221426775822226,0.4456042448799999,4.0,0.1648238631273483,0.0438247625695284,0.0897873184351314,0.0741814273737871,0.3322815461947697,0.6734472346484014,0.5889618514690099,,6.0,14.0,1.0,1.0
Flaxville,Flaxville town,MT,3026800,"Flaxville town, MT",0.0278946919542133,44.2574253,3800.904761904762,198.7619047619048,172.11111111111111,26.65079365079365,2.1952952815873017,8.443067549883873,10.638362831471175,1.8580237100444448,0.3372715715428571,2.1666666666666665,0.0278946919542133,0.0104532903596534,0.0180766844340968,0.01155059708249,0.3747680498659065,0.1206837505779993,0.2200426181927262,,7.0,2.0,1.0,1.0
Walkerville,Walkerville town,MT,3077650,"Walkerville town, MT",64.618729424429,346.997642818,3548.849765258216,178.32981220657277,162.31220657276995,16.017605633802816,1.9549460099220657,2.745561939837004,4.70050794975907,1.7522397380093897,0.202706271912676,9.32508392936796,64.618729424429,29.301261374863746,33.56975575243828,26.28944878918732,0.2314835103617818,0.6996032534038322,14.802008938974414,999.7402567804924,3.8415827372987055,16.207913686493537,4.792086313506466,13.158417262701292
Ryegate,Ryegate town,MT,3064975,"Ryegate town, MT",0.4642555579406059,100.52521017,7935.158730158731,415.04761904761904,346.7830687830688,68.26455026455027,4.607595695856085,4.443269268704353,9.050864964560438,3.743693012503704,0.8639026833523809,5.833333333333332,0.4642555579406059,0.2084020115064874,0.3020226074447864,0.2160968550082654,0.6509995221532351,0.7190814194078688,0.2098344890901811,,15.0,16.0,1.0,1.0
Brockton,Brockton CDP,MT,3010000,"Brockton town, MT",1.9821675700034704,65.4499999659999,4268.261111111111,223.8388888888889,203.36111111111111,20.47777777777777,2.454533477404445,2.161652762963365,4.61618624036781,2.1953827600444447,0.2591507173599999,3.000000056244041,1.9821675700034704,0.4646176700716675,0.7572664557100415,0.5400426133985552,0.570079446138902,0.1991151731817302,0.2037659430438136,,12.000000049396144,2.0000002880681014,1.0,1.0
